--------------------------------------------------------
-- Archivo creado  - martes-febrero-03-2026   
--------------------------------------------------------
--------------------------------------------------------
--  DDL for Table CATEGORIAS
--------------------------------------------------------

  CREATE TABLE "CONEXION"."CATEGORIAS" 
   (	"ID_CATEGORIA" NUMBER(*,0) GENERATED BY DEFAULT AS IDENTITY MINVALUE 1 MAXVALUE 9999999999999999999999999999 INCREMENT BY 1 START WITH 1 CACHE 20 NOORDER  NOCYCLE  NOKEEP  NOSCALE , 
	"NOMBRE" VARCHAR2(50 BYTE), 
	"DESCRIPCION" CLOB, 
	"IMAGEN" VARCHAR2(100 BYTE)
   ) SEGMENT CREATION IMMEDIATE 
  PCTFREE 10 PCTUSED 40 INITRANS 1 MAXTRANS 255 
 NOCOMPRESS LOGGING
  STORAGE(INITIAL 65536 NEXT 1048576 MINEXTENTS 1 MAXEXTENTS 2147483645
  PCTINCREASE 0 FREELISTS 1 FREELIST GROUPS 1
  BUFFER_POOL DEFAULT FLASH_CACHE DEFAULT CELL_FLASH_CACHE DEFAULT)
  TABLESPACE "USERS" 
 LOB ("DESCRIPCION") STORE AS SECUREFILE (
  TABLESPACE "USERS" ENABLE STORAGE IN ROW 4000 CHUNK 8192
  NOCACHE LOGGING  NOCOMPRESS  KEEP_DUPLICATES 
  STORAGE(INITIAL 262144 NEXT 1048576 MINEXTENTS 1 MAXEXTENTS 2147483645
  PCTINCREASE 0
  BUFFER_POOL DEFAULT FLASH_CACHE DEFAULT CELL_FLASH_CACHE DEFAULT)) ;
--------------------------------------------------------
--  DDL for Table CLIENTES
--------------------------------------------------------

  CREATE TABLE "CONEXION"."CLIENTES" 
   (	"ID_CLIENT" NUMBER(*,0) GENERATED BY DEFAULT AS IDENTITY MINVALUE 1 MAXVALUE 9999999999999999999999999999 INCREMENT BY 1 START WITH 1 CACHE 20 NOORDER  NOCYCLE  NOKEEP  NOSCALE , 
	"NOMBRE" VARCHAR2(100 BYTE), 
	"APELLIDOS" VARCHAR2(100 BYTE), 
	"EMAIL" VARCHAR2(100 BYTE), 
	"TELEFONO" VARCHAR2(20 BYTE), 
	"DIRECCION" VARCHAR2(200 BYTE), 
	"FECHA_REGISTRO" TIMESTAMP (6) DEFAULT CURRENT_TIMESTAMP
   ) SEGMENT CREATION IMMEDIATE 
  PCTFREE 10 PCTUSED 40 INITRANS 1 MAXTRANS 255 
 NOCOMPRESS LOGGING
  STORAGE(INITIAL 65536 NEXT 1048576 MINEXTENTS 1 MAXEXTENTS 2147483645
  PCTINCREASE 0 FREELISTS 1 FREELIST GROUPS 1
  BUFFER_POOL DEFAULT FLASH_CACHE DEFAULT CELL_FLASH_CACHE DEFAULT)
  TABLESPACE "USERS" ;
--------------------------------------------------------
--  DDL for Table COMPONENTES
--------------------------------------------------------

  CREATE TABLE "CONEXION"."COMPONENTES" 
   (	"ID_COMPONENTE" NUMBER(*,0) GENERATED BY DEFAULT AS IDENTITY MINVALUE 1 MAXVALUE 9999999999999999999999999999 INCREMENT BY 1 START WITH 1 CACHE 20 NOORDER  NOCYCLE  NOKEEP  NOSCALE , 
	"ID_PROVEEDOR" NUMBER(*,0), 
	"ID_CATEGORIA" NUMBER(*,0), 
	"NOMBRE" VARCHAR2(100 BYTE), 
	"DESCRIPCION" CLOB, 
	"ESPECIFICACIONES" CLOB, 
	"PRECIO" NUMBER(10,2), 
	"STOCK" NUMBER(*,0), 
	"ACTIVO" NUMBER(1,0), 
	"FECHA_ALTA" TIMESTAMP (6) DEFAULT CURRENT_TIMESTAMP, 
	"IMAGEN" BLOB
   ) SEGMENT CREATION IMMEDIATE 
  PCTFREE 10 PCTUSED 40 INITRANS 1 MAXTRANS 255 
 NOCOMPRESS LOGGING
  STORAGE(INITIAL 65536 NEXT 1048576 MINEXTENTS 1 MAXEXTENTS 2147483645
  PCTINCREASE 0 FREELISTS 1 FREELIST GROUPS 1
  BUFFER_POOL DEFAULT FLASH_CACHE DEFAULT CELL_FLASH_CACHE DEFAULT)
  TABLESPACE "USERS" 
 LOB ("DESCRIPCION") STORE AS SECUREFILE (
  TABLESPACE "USERS" ENABLE STORAGE IN ROW 4000 CHUNK 8192
  NOCACHE LOGGING  NOCOMPRESS  KEEP_DUPLICATES 
  STORAGE(INITIAL 262144 NEXT 1048576 MINEXTENTS 1 MAXEXTENTS 2147483645
  PCTINCREASE 0
  BUFFER_POOL DEFAULT FLASH_CACHE DEFAULT CELL_FLASH_CACHE DEFAULT)) 
 LOB ("ESPECIFICACIONES") STORE AS SECUREFILE (
  TABLESPACE "USERS" ENABLE STORAGE IN ROW 4000 CHUNK 8192
  NOCACHE LOGGING  NOCOMPRESS  KEEP_DUPLICATES 
  STORAGE(INITIAL 262144 NEXT 1048576 MINEXTENTS 1 MAXEXTENTS 2147483645
  PCTINCREASE 0
  BUFFER_POOL DEFAULT FLASH_CACHE DEFAULT CELL_FLASH_CACHE DEFAULT)) 
 LOB ("IMAGEN") STORE AS SECUREFILE (
  TABLESPACE "USERS" ENABLE STORAGE IN ROW 4000 CHUNK 8192
  NOCACHE LOGGING  NOCOMPRESS  KEEP_DUPLICATES 
  STORAGE(INITIAL 262144 NEXT 1048576 MINEXTENTS 1 MAXEXTENTS 2147483645
  PCTINCREASE 0
  BUFFER_POOL DEFAULT FLASH_CACHE DEFAULT CELL_FLASH_CACHE DEFAULT)) ;
--------------------------------------------------------
--  DDL for Table CONFIGURACIONES
--------------------------------------------------------

  CREATE TABLE "CONEXION"."CONFIGURACIONES" 
   (	"ID_CONFIGURACION" NUMBER(*,0) GENERATED BY DEFAULT AS IDENTITY MINVALUE 1 MAXVALUE 9999999999999999999999999999 INCREMENT BY 1 START WITH 1 CACHE 20 NOORDER  NOCYCLE  NOKEEP  NOSCALE , 
	"ID_CLIENTE" NUMBER(*,0), 
	"NOMBRE_CONFIG" VARCHAR2(100 BYTE), 
	"DESCRIPCION" CLOB, 
	"PRECIO_TOTAL" NUMBER(10,2), 
	"ESTADO" VARCHAR2(20 BYTE), 
	"FECHA_CREACION" TIMESTAMP (6) DEFAULT CURRENT_TIMESTAMP
   ) SEGMENT CREATION IMMEDIATE 
  PCTFREE 10 PCTUSED 40 INITRANS 1 MAXTRANS 255 
 NOCOMPRESS LOGGING
  STORAGE(INITIAL 65536 NEXT 1048576 MINEXTENTS 1 MAXEXTENTS 2147483645
  PCTINCREASE 0 FREELISTS 1 FREELIST GROUPS 1
  BUFFER_POOL DEFAULT FLASH_CACHE DEFAULT CELL_FLASH_CACHE DEFAULT)
  TABLESPACE "USERS" 
 LOB ("DESCRIPCION") STORE AS SECUREFILE (
  TABLESPACE "USERS" ENABLE STORAGE IN ROW 4000 CHUNK 8192
  NOCACHE LOGGING  NOCOMPRESS  KEEP_DUPLICATES 
  STORAGE(INITIAL 262144 NEXT 1048576 MINEXTENTS 1 MAXEXTENTS 2147483645
  PCTINCREASE 0
  BUFFER_POOL DEFAULT FLASH_CACHE DEFAULT CELL_FLASH_CACHE DEFAULT)) ;
--------------------------------------------------------
--  DDL for Table DETALLES_CONFIGURACION
--------------------------------------------------------

  CREATE TABLE "CONEXION"."DETALLES_CONFIGURACION" 
   (	"ID_DETALLE" NUMBER(*,0) GENERATED BY DEFAULT AS IDENTITY MINVALUE 1 MAXVALUE 9999999999999999999999999999 INCREMENT BY 1 START WITH 1 CACHE 20 NOORDER  NOCYCLE  NOKEEP  NOSCALE , 
	"ID_CONFIGURACION" NUMBER(*,0), 
	"ID_COMPONENTE" NUMBER(*,0), 
	"CANTIDAD" NUMBER(*,0) DEFAULT 1
   ) SEGMENT CREATION IMMEDIATE 
  PCTFREE 10 PCTUSED 40 INITRANS 1 MAXTRANS 255 
 NOCOMPRESS LOGGING
  STORAGE(INITIAL 65536 NEXT 1048576 MINEXTENTS 1 MAXEXTENTS 2147483645
  PCTINCREASE 0 FREELISTS 1 FREELIST GROUPS 1
  BUFFER_POOL DEFAULT FLASH_CACHE DEFAULT CELL_FLASH_CACHE DEFAULT)
  TABLESPACE "USERS" ;
--------------------------------------------------------
--  DDL for Table PROVEEDORES
--------------------------------------------------------

  CREATE TABLE "CONEXION"."PROVEEDORES" 
   (	"ID_PROVEEDOR" NUMBER(*,0) GENERATED BY DEFAULT AS IDENTITY MINVALUE 1 MAXVALUE 9999999999999999999999999999 INCREMENT BY 1 START WITH 1 CACHE 20 NOORDER  NOCYCLE  NOKEEP  NOSCALE , 
	"ID_USUARIO" NUMBER(*,0), 
	"NOMBRE_EMPRESA" VARCHAR2(100 BYTE), 
	"CIF" VARCHAR2(20 BYTE), 
	"TELEFONO" VARCHAR2(20 BYTE), 
	"DIRECCION" VARCHAR2(200 BYTE), 
	"WEB" VARCHAR2(100 BYTE), 
	"VERIFICADO" NUMBER(1,0)
   ) SEGMENT CREATION IMMEDIATE 
  PCTFREE 10 PCTUSED 40 INITRANS 1 MAXTRANS 255 
 NOCOMPRESS LOGGING
  STORAGE(INITIAL 65536 NEXT 1048576 MINEXTENTS 1 MAXEXTENTS 2147483645
  PCTINCREASE 0 FREELISTS 1 FREELIST GROUPS 1
  BUFFER_POOL DEFAULT FLASH_CACHE DEFAULT CELL_FLASH_CACHE DEFAULT)
  TABLESPACE "USERS" ;
--------------------------------------------------------
--  DDL for Table USUARIOS
--------------------------------------------------------

  CREATE TABLE "CONEXION"."USUARIOS" 
   (	"ID_USUARIO" NUMBER(*,0) GENERATED BY DEFAULT AS IDENTITY MINVALUE 1 MAXVALUE 9999999999999999999999999999 INCREMENT BY 1 START WITH 1 CACHE 20 NOORDER  NOCYCLE  NOKEEP  NOSCALE , 
	"NOMBRE_USUARIO" VARCHAR2(50 BYTE), 
	"EMAIL" VARCHAR2(100 BYTE), 
	"PASSWORD_HASH" VARCHAR2(255 BYTE), 
	"TIPO_USUARIO" VARCHAR2(20 BYTE), 
	"ACTIVO" NUMBER(1,0), 
	"FECHA_REGISTRO" TIMESTAMP (6) DEFAULT CURRENT_TIMESTAMP
   ) SEGMENT CREATION IMMEDIATE 
  PCTFREE 10 PCTUSED 40 INITRANS 1 MAXTRANS 255 
 NOCOMPRESS LOGGING
  STORAGE(INITIAL 65536 NEXT 1048576 MINEXTENTS 1 MAXEXTENTS 2147483645
  PCTINCREASE 0 FREELISTS 1 FREELIST GROUPS 1
  BUFFER_POOL DEFAULT FLASH_CACHE DEFAULT CELL_FLASH_CACHE DEFAULT)
  TABLESPACE "USERS" ;
REM INSERTING into CONEXION.CATEGORIAS
SET DEFINE OFF;
Insert into CONEXION.CATEGORIAS (ID_CATEGORIA,NOMBRE,IMAGEN) values ('1','Procesadores','cpu.png');
Insert into CONEXION.CATEGORIAS (ID_CATEGORIA,NOMBRE,IMAGEN) values ('2','Tarjetas Gráficas','gpu.png');
Insert into CONEXION.CATEGORIAS (ID_CATEGORIA,NOMBRE,IMAGEN) values ('3','Placas Base','mb.png');
Insert into CONEXION.CATEGORIAS (ID_CATEGORIA,NOMBRE,IMAGEN) values ('4','Memorias RAM','ram.png');
Insert into CONEXION.CATEGORIAS (ID_CATEGORIA,NOMBRE,IMAGEN) values ('5','Almacenamiento','storage.png');
Insert into CONEXION.CATEGORIAS (ID_CATEGORIA,NOMBRE,IMAGEN) values ('6','Monitores',null);
Insert into CONEXION.CATEGORIAS (ID_CATEGORIA,NOMBRE,IMAGEN) values ('7','Cascos',null);
Insert into CONEXION.CATEGORIAS (ID_CATEGORIA,NOMBRE,IMAGEN) values ('8','Consolas',null);
REM INSERTING into CONEXION.CLIENTES
SET DEFINE OFF;
Insert into CONEXION.CLIENTES (ID_CLIENT,NOMBRE,APELLIDOS,EMAIL,TELEFONO,DIRECCION,FECHA_REGISTRO) values ('1','Juan','Pérez López','juan@gmail.com','600111222','C/ Sol 5, Madrid',to_timestamp('02/02/26 09:33:20,137979000','DD/MM/RR HH24:MI:SSXFF'));
Insert into CONEXION.CLIENTES (ID_CLIENT,NOMBRE,APELLIDOS,EMAIL,TELEFONO,DIRECCION,FECHA_REGISTRO) values ('2','Laura','Martín Gómez','laura@gmail.com','600333444','Av. Mar 22, Valencia',to_timestamp('02/02/26 09:33:20,146023000','DD/MM/RR HH24:MI:SSXFF'));
Insert into CONEXION.CLIENTES (ID_CLIENT,NOMBRE,APELLIDOS,EMAIL,TELEFONO,DIRECCION,FECHA_REGISTRO) values ('3','Carlos','Ruiz Fernández','carlos@gmail.com','600555666','C/ Luna 14, Sevilla',to_timestamp('02/02/26 09:33:20,151382000','DD/MM/RR HH24:MI:SSXFF'));
REM INSERTING into CONEXION.COMPONENTES
SET DEFINE OFF;
Insert into CONEXION.COMPONENTES (ID_COMPONENTE,ID_PROVEEDOR,ID_CATEGORIA,NOMBRE,PRECIO,STOCK,ACTIVO,FECHA_ALTA) values ('1','1','1','Intel Core i7-12700K','349,99','15','1',to_timestamp('02/02/26 09:33:20,199439000','DD/MM/RR HH24:MI:SSXFF'));
Insert into CONEXION.COMPONENTES (ID_COMPONENTE,ID_PROVEEDOR,ID_CATEGORIA,NOMBRE,PRECIO,STOCK,ACTIVO,FECHA_ALTA) values ('2','1','2','NVIDIA RTX 4070','599,99','10','1',to_timestamp('02/02/26 09:33:20,206321000','DD/MM/RR HH24:MI:SSXFF'));
Insert into CONEXION.COMPONENTES (ID_COMPONENTE,ID_PROVEEDOR,ID_CATEGORIA,NOMBRE,PRECIO,STOCK,ACTIVO,FECHA_ALTA) values ('3','2','3','ASUS Prime B660M','129,99','20','1',to_timestamp('02/02/26 09:33:20,210854000','DD/MM/RR HH24:MI:SSXFF'));
Insert into CONEXION.COMPONENTES (ID_COMPONENTE,ID_PROVEEDOR,ID_CATEGORIA,NOMBRE,PRECIO,STOCK,ACTIVO,FECHA_ALTA) values ('4','2','4','Corsair Vengeance 16GB','79,99','30','1',to_timestamp('02/02/26 09:33:20,215539000','DD/MM/RR HH24:MI:SSXFF'));
Insert into CONEXION.COMPONENTES (ID_COMPONENTE,ID_PROVEEDOR,ID_CATEGORIA,NOMBRE,PRECIO,STOCK,ACTIVO,FECHA_ALTA) values ('5','1','5','Samsung 980 PRO 1TB','109,99','25','1',to_timestamp('02/02/26 09:33:20,220025000','DD/MM/RR HH24:MI:SSXFF'));
Insert into CONEXION.COMPONENTES (ID_COMPONENTE,ID_PROVEEDOR,ID_CATEGORIA,NOMBRE,PRECIO,STOCK,ACTIVO,FECHA_ALTA) values ('26','1','2','RX 9060 XT','449,95','15','1',to_timestamp('03/02/26 09:35:10,000000000','DD/MM/RR HH24:MI:SSXFF'));
Insert into CONEXION.COMPONENTES (ID_COMPONENTE,ID_PROVEEDOR,ID_CATEGORIA,NOMBRE,PRECIO,STOCK,ACTIVO,FECHA_ALTA) values ('27','2','3','Asus TUF Gaming B850-E','249,95','5','1',to_timestamp('03/02/26 09:38:10,000000000','DD/MM/RR HH24:MI:SSXFF'));
Insert into CONEXION.COMPONENTES (ID_COMPONENTE,ID_PROVEEDOR,ID_CATEGORIA,NOMBRE,PRECIO,STOCK,ACTIVO,FECHA_ALTA) values ('35','21','8','Sony PS5 Slim Digital','449,89','28','1',to_timestamp('03/02/26 10:39:10,000000000','DD/MM/RR HH24:MI:SSXFF'));
Insert into CONEXION.COMPONENTES (ID_COMPONENTE,ID_PROVEEDOR,ID_CATEGORIA,NOMBRE,PRECIO,STOCK,ACTIVO,FECHA_ALTA) values ('36','22','8','Xbox Series X','476,99','8','1',to_timestamp('03/02/26 10:43:10,000000000','DD/MM/RR HH24:MI:SSXFF'));
Insert into CONEXION.COMPONENTES (ID_COMPONENTE,ID_PROVEEDOR,ID_CATEGORIA,NOMBRE,PRECIO,STOCK,ACTIVO,FECHA_ALTA) values ('46','1','6','Monitor BenQ EW270Q 27" Ultra HD 2K 200Hz IPS HDR','199,99','10','1',to_timestamp('03/02/26 11:36:10,000000000','DD/MM/RR HH24:MI:SSXFF'));
Insert into CONEXION.COMPONENTES (ID_COMPONENTE,ID_PROVEEDOR,ID_CATEGORIA,NOMBRE,PRECIO,STOCK,ACTIVO,FECHA_ALTA) values ('47','2','6','Monitor MSI Modern MD342CQPW','449,99','6','1',to_timestamp('03/02/26 11:41:10,000000000','DD/MM/RR HH24:MI:SSXFF'));
Insert into CONEXION.COMPONENTES (ID_COMPONENTE,ID_PROVEEDOR,ID_CATEGORIA,NOMBRE,PRECIO,STOCK,ACTIVO,FECHA_ALTA) values ('48','1','6','Monitor Alurin CoreVision 27" IPS 4K','239,99','28','1',to_timestamp('03/02/26 11:51:10,000000000','DD/MM/RR HH24:MI:SSXFF'));
Insert into CONEXION.COMPONENTES (ID_COMPONENTE,ID_PROVEEDOR,ID_CATEGORIA,NOMBRE,PRECIO,STOCK,ACTIVO,FECHA_ALTA) values ('49','2','7','Logitech G733 Lightspeed RGB','159,99','30','1',to_timestamp('03/02/26 11:54:10,000000000','DD/MM/RR HH24:MI:SSXFF'));
Insert into CONEXION.COMPONENTES (ID_COMPONENTE,ID_PROVEEDOR,ID_CATEGORIA,NOMBRE,PRECIO,STOCK,ACTIVO,FECHA_ALTA) values ('50','1','7','Tempest GHS400 Inquisitor','44,99','40','1',to_timestamp('03/02/26 11:56:10,000000000','DD/MM/RR HH24:MI:SSXFF'));
Insert into CONEXION.COMPONENTES (ID_COMPONENTE,ID_PROVEEDOR,ID_CATEGORIA,NOMBRE,PRECIO,STOCK,ACTIVO,FECHA_ALTA) values ('21','1','1','AMD Ryzen 7 7700X','369,99','12','1',to_timestamp('02/02/26 12:54:41,000000000','DD/MM/RR HH24:MI:SSXFF'));
Insert into CONEXION.COMPONENTES (ID_COMPONENTE,ID_PROVEEDOR,ID_CATEGORIA,NOMBRE,PRECIO,STOCK,ACTIVO,FECHA_ALTA) values ('22','2','2','NVIDIA RTX 4060 Ti','449,99','10','1',to_timestamp('02/02/26 12:59:03,000000000','DD/MM/RR HH24:MI:SSXFF'));
Insert into CONEXION.COMPONENTES (ID_COMPONENTE,ID_PROVEEDOR,ID_CATEGORIA,NOMBRE,PRECIO,STOCK,ACTIVO,FECHA_ALTA) values ('23','1','3','MSI B650 Tomahawk','189,99','20','1',to_timestamp('02/02/26 12:59:10,000000000','DD/MM/RR HH24:MI:SSXFF'));
Insert into CONEXION.COMPONENTES (ID_COMPONENTE,ID_PROVEEDOR,ID_CATEGORIA,NOMBRE,PRECIO,STOCK,ACTIVO,FECHA_ALTA) values ('24','2','4','Kingston Fury Beast 16GB','99,99','30','1',to_timestamp('02/02/26 12:59:19,000000000','DD/MM/RR HH24:MI:SSXFF'));
Insert into CONEXION.COMPONENTES (ID_COMPONENTE,ID_PROVEEDOR,ID_CATEGORIA,NOMBRE,PRECIO,STOCK,ACTIVO,FECHA_ALTA) values ('25','1','5','WD Black SN850X 1TB','129,99','25','1',to_timestamp('02/02/26 12:59:27,000000000','DD/MM/RR HH24:MI:SSXFF'));
REM INSERTING into CONEXION.CONFIGURACIONES
SET DEFINE OFF;
Insert into CONEXION.CONFIGURACIONES (ID_CONFIGURACION,ID_CLIENTE,NOMBRE_CONFIG,PRECIO_TOTAL,ESTADO,FECHA_CREACION) values ('1','1','PC Gaming Juan','1129,96','presupuesto',to_timestamp('02/02/26 09:33:20,229737000','DD/MM/RR HH24:MI:SSXFF'));
Insert into CONEXION.CONFIGURACIONES (ID_CONFIGURACION,ID_CLIENTE,NOMBRE_CONFIG,PRECIO_TOTAL,ESTADO,FECHA_CREACION) values ('2','2','PC Oficina Laura','459,98','vendido',to_timestamp('02/02/26 09:33:20,234707000','DD/MM/RR HH24:MI:SSXFF'));
REM INSERTING into CONEXION.DETALLES_CONFIGURACION
SET DEFINE OFF;
Insert into CONEXION.DETALLES_CONFIGURACION (ID_DETALLE,ID_CONFIGURACION,ID_COMPONENTE,CANTIDAD) values ('1','1','1','1');
Insert into CONEXION.DETALLES_CONFIGURACION (ID_DETALLE,ID_CONFIGURACION,ID_COMPONENTE,CANTIDAD) values ('2','1','2','1');
Insert into CONEXION.DETALLES_CONFIGURACION (ID_DETALLE,ID_CONFIGURACION,ID_COMPONENTE,CANTIDAD) values ('3','1','4','1');
Insert into CONEXION.DETALLES_CONFIGURACION (ID_DETALLE,ID_CONFIGURACION,ID_COMPONENTE,CANTIDAD) values ('4','1','5','1');
Insert into CONEXION.DETALLES_CONFIGURACION (ID_DETALLE,ID_CONFIGURACION,ID_COMPONENTE,CANTIDAD) values ('5','2','3','1');
Insert into CONEXION.DETALLES_CONFIGURACION (ID_DETALLE,ID_CONFIGURACION,ID_COMPONENTE,CANTIDAD) values ('6','2','4','1');
REM INSERTING into CONEXION.PROVEEDORES
SET DEFINE OFF;
Insert into CONEXION.PROVEEDORES (ID_PROVEEDOR,ID_USUARIO,NOMBRE_EMPRESA,CIF,TELEFONO,DIRECCION,WEB,VERIFICADO) values ('1','1','TechParts S.L.','B12345678','912345678','Calle Mayor 10, Madrid','https://techparts.com','1');
Insert into CONEXION.PROVEEDORES (ID_PROVEEDOR,ID_USUARIO,NOMBRE_EMPRESA,CIF,TELEFONO,DIRECCION,WEB,VERIFICADO) values ('2','3','Hardware Proveedores SA','A98765432','934567890','Av. Industria 45, Barcelona','https://hardwareprov.com','0');
Insert into CONEXION.PROVEEDORES (ID_PROVEEDOR,ID_USUARIO,NOMBRE_EMPRESA,CIF,TELEFONO,DIRECCION,WEB,VERIFICADO) values ('21','3','Sony Interactive Entertainment','A81192627','915858585','Calle Quintanadueñas, 6, 28050, Madrid. ','https://sonyinteractive.com/en/','1');
Insert into CONEXION.PROVEEDORES (ID_PROVEEDOR,ID_USUARIO,NOMBRE_EMPRESA,CIF,TELEFONO,DIRECCION,WEB,VERIFICADO) values ('22','3','Xbox Game Studio','B78603495','80000024',' Paseo del Club Deportivo, 1, Centro Empresarial La Finca, Edificio 1, 28223 Pozuelo de Alarcón, Madrid. ','https://microsoft.com','1');
REM INSERTING into CONEXION.USUARIOS
SET DEFINE OFF;
Insert into CONEXION.USUARIOS (ID_USUARIO,NOMBRE_USUARIO,EMAIL,PASSWORD_HASH,TIPO_USUARIO,ACTIVO,FECHA_REGISTRO) values ('1','admin','admin@sistema.com','admin','admin','1',to_timestamp('02/02/26 09:16:44,378008000','DD/MM/RR HH24:MI:SSXFF'));
Insert into CONEXION.USUARIOS (ID_USUARIO,NOMBRE_USUARIO,EMAIL,PASSWORD_HASH,TIPO_USUARIO,ACTIVO,FECHA_REGISTRO) values ('2','vendedor','vendedor@sistema.com','vendedor','vendedor','1',to_timestamp('02/02/26 09:16:44,388321000','DD/MM/RR HH24:MI:SSXFF'));
Insert into CONEXION.USUARIOS (ID_USUARIO,NOMBRE_USUARIO,EMAIL,PASSWORD_HASH,TIPO_USUARIO,ACTIVO,FECHA_REGISTRO) values ('3','proveedor','proveedor@sistema.com','proveedor','proveedor','1',to_timestamp('02/02/26 09:16:44,395163000','DD/MM/RR HH24:MI:SSXFF'));
Insert into CONEXION.USUARIOS (ID_USUARIO,NOMBRE_USUARIO,EMAIL,PASSWORD_HASH,TIPO_USUARIO,ACTIVO,FECHA_REGISTRO) values ('8','prueba','p@p.com','p','proveedor','1',to_timestamp('02/02/26 11:13:13,523372000','DD/MM/RR HH24:MI:SSXFF'));
--------------------------------------------------------
--  DDL for Index IDX_CONF_CLIENTE
--------------------------------------------------------

  CREATE INDEX "CONEXION"."IDX_CONF_CLIENTE" ON "CONEXION"."CONFIGURACIONES" ("ID_CLIENTE") 
  PCTFREE 10 INITRANS 2 MAXTRANS 255 COMPUTE STATISTICS 
  STORAGE(INITIAL 65536 NEXT 1048576 MINEXTENTS 1 MAXEXTENTS 2147483645
  PCTINCREASE 0 FREELISTS 1 FREELIST GROUPS 1
  BUFFER_POOL DEFAULT FLASH_CACHE DEFAULT CELL_FLASH_CACHE DEFAULT)
  TABLESPACE "USERS" ;
--------------------------------------------------------
--  DDL for Index IDX_COMP_PROVEEDOR
--------------------------------------------------------

  CREATE INDEX "CONEXION"."IDX_COMP_PROVEEDOR" ON "CONEXION"."COMPONENTES" ("ID_PROVEEDOR") 
  PCTFREE 10 INITRANS 2 MAXTRANS 255 COMPUTE STATISTICS 
  STORAGE(INITIAL 65536 NEXT 1048576 MINEXTENTS 1 MAXEXTENTS 2147483645
  PCTINCREASE 0 FREELISTS 1 FREELIST GROUPS 1
  BUFFER_POOL DEFAULT FLASH_CACHE DEFAULT CELL_FLASH_CACHE DEFAULT)
  TABLESPACE "USERS" ;
--------------------------------------------------------
--  DDL for Index IDX_COMP_CATEGORIA
--------------------------------------------------------

  CREATE INDEX "CONEXION"."IDX_COMP_CATEGORIA" ON "CONEXION"."COMPONENTES" ("ID_CATEGORIA") 
  PCTFREE 10 INITRANS 2 MAXTRANS 255 COMPUTE STATISTICS 
  STORAGE(INITIAL 65536 NEXT 1048576 MINEXTENTS 1 MAXEXTENTS 2147483645
  PCTINCREASE 0 FREELISTS 1 FREELIST GROUPS 1
  BUFFER_POOL DEFAULT FLASH_CACHE DEFAULT CELL_FLASH_CACHE DEFAULT)
  TABLESPACE "USERS" ;
--------------------------------------------------------
--  Constraints for Table CONFIGURACIONES
--------------------------------------------------------

  ALTER TABLE "CONEXION"."CONFIGURACIONES" MODIFY ("ID_CONFIGURACION" NOT NULL ENABLE);
  ALTER TABLE "CONEXION"."CONFIGURACIONES" ADD CHECK (estado IN ('borrador', 'presupuesto', 'vendido', 'cancelado')) ENABLE;
  ALTER TABLE "CONEXION"."CONFIGURACIONES" ADD PRIMARY KEY ("ID_CONFIGURACION")
  USING INDEX PCTFREE 10 INITRANS 2 MAXTRANS 255 
  STORAGE(INITIAL 65536 NEXT 1048576 MINEXTENTS 1 MAXEXTENTS 2147483645
  PCTINCREASE 0 FREELISTS 1 FREELIST GROUPS 1
  BUFFER_POOL DEFAULT FLASH_CACHE DEFAULT CELL_FLASH_CACHE DEFAULT)
  TABLESPACE "USERS"  ENABLE;
--------------------------------------------------------
--  Constraints for Table DETALLES_CONFIGURACION
--------------------------------------------------------

  ALTER TABLE "CONEXION"."DETALLES_CONFIGURACION" MODIFY ("ID_DETALLE" NOT NULL ENABLE);
  ALTER TABLE "CONEXION"."DETALLES_CONFIGURACION" ADD PRIMARY KEY ("ID_DETALLE")
  USING INDEX PCTFREE 10 INITRANS 2 MAXTRANS 255 
  STORAGE(INITIAL 65536 NEXT 1048576 MINEXTENTS 1 MAXEXTENTS 2147483645
  PCTINCREASE 0 FREELISTS 1 FREELIST GROUPS 1
  BUFFER_POOL DEFAULT FLASH_CACHE DEFAULT CELL_FLASH_CACHE DEFAULT)
  TABLESPACE "USERS"  ENABLE;
--------------------------------------------------------
--  Constraints for Table PROVEEDORES
--------------------------------------------------------

  ALTER TABLE "CONEXION"."PROVEEDORES" MODIFY ("ID_PROVEEDOR" NOT NULL ENABLE);
  ALTER TABLE "CONEXION"."PROVEEDORES" MODIFY ("NOMBRE_EMPRESA" NOT NULL ENABLE);
  ALTER TABLE "CONEXION"."PROVEEDORES" ADD CHECK (verificado IN (0, 1)) ENABLE;
  ALTER TABLE "CONEXION"."PROVEEDORES" ADD PRIMARY KEY ("ID_PROVEEDOR")
  USING INDEX PCTFREE 10 INITRANS 2 MAXTRANS 255 
  STORAGE(INITIAL 65536 NEXT 1048576 MINEXTENTS 1 MAXEXTENTS 2147483645
  PCTINCREASE 0 FREELISTS 1 FREELIST GROUPS 1
  BUFFER_POOL DEFAULT FLASH_CACHE DEFAULT CELL_FLASH_CACHE DEFAULT)
  TABLESPACE "USERS"  ENABLE;
--------------------------------------------------------
--  Constraints for Table CLIENTES
--------------------------------------------------------

  ALTER TABLE "CONEXION"."CLIENTES" MODIFY ("ID_CLIENT" NOT NULL ENABLE);
  ALTER TABLE "CONEXION"."CLIENTES" ADD PRIMARY KEY ("ID_CLIENT")
  USING INDEX PCTFREE 10 INITRANS 2 MAXTRANS 255 
  STORAGE(INITIAL 65536 NEXT 1048576 MINEXTENTS 1 MAXEXTENTS 2147483645
  PCTINCREASE 0 FREELISTS 1 FREELIST GROUPS 1
  BUFFER_POOL DEFAULT FLASH_CACHE DEFAULT CELL_FLASH_CACHE DEFAULT)
  TABLESPACE "USERS"  ENABLE;
  ALTER TABLE "CONEXION"."CLIENTES" ADD UNIQUE ("EMAIL")
  USING INDEX PCTFREE 10 INITRANS 2 MAXTRANS 255 
  STORAGE(INITIAL 65536 NEXT 1048576 MINEXTENTS 1 MAXEXTENTS 2147483645
  PCTINCREASE 0 FREELISTS 1 FREELIST GROUPS 1
  BUFFER_POOL DEFAULT FLASH_CACHE DEFAULT CELL_FLASH_CACHE DEFAULT)
  TABLESPACE "USERS"  ENABLE;
--------------------------------------------------------
--  Constraints for Table COMPONENTES
--------------------------------------------------------

  ALTER TABLE "CONEXION"."COMPONENTES" MODIFY ("ID_COMPONENTE" NOT NULL ENABLE);
  ALTER TABLE "CONEXION"."COMPONENTES" MODIFY ("NOMBRE" NOT NULL ENABLE);
  ALTER TABLE "CONEXION"."COMPONENTES" ADD CHECK (activo IN (0, 1)) ENABLE;
  ALTER TABLE "CONEXION"."COMPONENTES" ADD PRIMARY KEY ("ID_COMPONENTE")
  USING INDEX PCTFREE 10 INITRANS 2 MAXTRANS 255 
  STORAGE(INITIAL 65536 NEXT 1048576 MINEXTENTS 1 MAXEXTENTS 2147483645
  PCTINCREASE 0 FREELISTS 1 FREELIST GROUPS 1
  BUFFER_POOL DEFAULT FLASH_CACHE DEFAULT CELL_FLASH_CACHE DEFAULT)
  TABLESPACE "USERS"  ENABLE;
--------------------------------------------------------
--  Constraints for Table USUARIOS
--------------------------------------------------------

  ALTER TABLE "CONEXION"."USUARIOS" MODIFY ("ID_USUARIO" NOT NULL ENABLE);
  ALTER TABLE "CONEXION"."USUARIOS" MODIFY ("NOMBRE_USUARIO" NOT NULL ENABLE);
  ALTER TABLE "CONEXION"."USUARIOS" MODIFY ("EMAIL" NOT NULL ENABLE);
  ALTER TABLE "CONEXION"."USUARIOS" MODIFY ("PASSWORD_HASH" NOT NULL ENABLE);
  ALTER TABLE "CONEXION"."USUARIOS" ADD CHECK (tipo_usuario IN ('proveedor', 'vendedor', 'admin')) ENABLE;
  ALTER TABLE "CONEXION"."USUARIOS" ADD CHECK (activo IN (0, 1)) ENABLE;
  ALTER TABLE "CONEXION"."USUARIOS" ADD PRIMARY KEY ("ID_USUARIO")
  USING INDEX PCTFREE 10 INITRANS 2 MAXTRANS 255 
  STORAGE(INITIAL 65536 NEXT 1048576 MINEXTENTS 1 MAXEXTENTS 2147483645
  PCTINCREASE 0 FREELISTS 1 FREELIST GROUPS 1
  BUFFER_POOL DEFAULT FLASH_CACHE DEFAULT CELL_FLASH_CACHE DEFAULT)
  TABLESPACE "USERS"  ENABLE;
  ALTER TABLE "CONEXION"."USUARIOS" ADD UNIQUE ("EMAIL")
  USING INDEX PCTFREE 10 INITRANS 2 MAXTRANS 255 
  STORAGE(INITIAL 65536 NEXT 1048576 MINEXTENTS 1 MAXEXTENTS 2147483645
  PCTINCREASE 0 FREELISTS 1 FREELIST GROUPS 1
  BUFFER_POOL DEFAULT FLASH_CACHE DEFAULT CELL_FLASH_CACHE DEFAULT)
  TABLESPACE "USERS"  ENABLE;
--------------------------------------------------------
--  Constraints for Table CATEGORIAS
--------------------------------------------------------

  ALTER TABLE "CONEXION"."CATEGORIAS" MODIFY ("ID_CATEGORIA" NOT NULL ENABLE);
  ALTER TABLE "CONEXION"."CATEGORIAS" MODIFY ("NOMBRE" NOT NULL ENABLE);
  ALTER TABLE "CONEXION"."CATEGORIAS" ADD PRIMARY KEY ("ID_CATEGORIA")
  USING INDEX PCTFREE 10 INITRANS 2 MAXTRANS 255 
  STORAGE(INITIAL 65536 NEXT 1048576 MINEXTENTS 1 MAXEXTENTS 2147483645
  PCTINCREASE 0 FREELISTS 1 FREELIST GROUPS 1
  BUFFER_POOL DEFAULT FLASH_CACHE DEFAULT CELL_FLASH_CACHE DEFAULT)
  TABLESPACE "USERS"  ENABLE;
--------------------------------------------------------
--  Ref Constraints for Table COMPONENTES
--------------------------------------------------------

  ALTER TABLE "CONEXION"."COMPONENTES" ADD CONSTRAINT "FK_COMP_PROV" FOREIGN KEY ("ID_PROVEEDOR")
	  REFERENCES "CONEXION"."PROVEEDORES" ("ID_PROVEEDOR") ENABLE;
  ALTER TABLE "CONEXION"."COMPONENTES" ADD CONSTRAINT "FK_COMP_CAT" FOREIGN KEY ("ID_CATEGORIA")
	  REFERENCES "CONEXION"."CATEGORIAS" ("ID_CATEGORIA") ENABLE;
--------------------------------------------------------
--  Ref Constraints for Table CONFIGURACIONES
--------------------------------------------------------

  ALTER TABLE "CONEXION"."CONFIGURACIONES" ADD CONSTRAINT "FK_CONF_CLIENTE" FOREIGN KEY ("ID_CLIENTE")
	  REFERENCES "CONEXION"."CLIENTES" ("ID_CLIENT") ENABLE;
--------------------------------------------------------
--  Ref Constraints for Table DETALLES_CONFIGURACION
--------------------------------------------------------

  ALTER TABLE "CONEXION"."DETALLES_CONFIGURACION" ADD CONSTRAINT "FK_DET_CONF" FOREIGN KEY ("ID_CONFIGURACION")
	  REFERENCES "CONEXION"."CONFIGURACIONES" ("ID_CONFIGURACION") ENABLE;
  ALTER TABLE "CONEXION"."DETALLES_CONFIGURACION" ADD CONSTRAINT "FK_DET_COMP" FOREIGN KEY ("ID_COMPONENTE")
	  REFERENCES "CONEXION"."COMPONENTES" ("ID_COMPONENTE") ENABLE;
--------------------------------------------------------
--  Ref Constraints for Table PROVEEDORES
--------------------------------------------------------

  ALTER TABLE "CONEXION"."PROVEEDORES" ADD CONSTRAINT "FK_PROV_USUARIO" FOREIGN KEY ("ID_USUARIO")
	  REFERENCES "CONEXION"."USUARIOS" ("ID_USUARIO") ENABLE;
